original data in gap,predicted data in gap
100.676,72.2153
301.976,296.484
812.113,541.284
564.179,583.527
135.098,215.593
7.48928,-32.8856
0.003819,27.566
47.8434,8.84256
45.0627,55.6123
159.556,116.554
432.601,419.835
679.207,619.091
458.702,516.153
188.04,182.842
9.2282,52.6166
35.1899,29.2644
27.2174,41.6796
458.059,261.523
5.20679,66.1893
427.942,526.846
544.26,661.647
303.445,387.118
133.884,165.085
