Original gap data,Predicted gap data
100.676,56.7787
301.976,266.387
812.113,661.403
564.179,582.17
135.098,167.907
7.48928,18.791
0.003819,5.51431
47.8434,31.5854
45.0627,6.69237
159.556,54.2822
432.601,468.482
679.207,743.282
458.702,429.355
188.04,83.2023
9.2282,35.301
35.1899,38.5004
27.2174,30.1757
458.059,242.478
5.20679,26.9919
427.942,465.977
544.26,626.297
303.445,306.669
133.884,301.921
